onset	duration	trial_type	value
10.420224000000001	10.0	1	1.0
190.414848	10.0	1	1.0
