onset	duration	trial_type	value
187.170816	10.0	1	1.0
7.176192	10.0	1	1.0
