onset	duration	trial_type	value
212.926464	10.0	1	1.0
32.93184	10.0	1	1.0
