onset	duration	trial_type	value
10.32192	10.0	1	1.0
190.316544	10.0	1	1.0
