onset	duration	trial_type	value
183.43526400000002	10.0	1	1.0
3.44064	10.0	1	1.0
