onset	duration	trial_type	value
185.696256	10.0	1	1.0
5.701632	10.0	1	1.0
