onset	duration	trial_type	value
186.187776	10.0	1	1.0
6.193152	10.0	1	1.0
