onset	duration	trial_type	value
11.599872	10.0	1	1.0
191.594496	10.0	1	1.0
