onset	duration	trial_type	value
189.923328	10.0	1	1.0
9.928704	10.0	1	1.0
