onset	duration	trial_type	value
10.223616	10.0	1	1.0
190.21824	10.0	1	1.0
