onset	duration	trial_type	value
10.027008	10.0	1	1.0
190.021632	10.0	1	1.0
