onset	duration	trial_type	value
188.15385600000002	10.0	1	1.0
8.159232	10.0	1	1.0
