onset	duration	trial_type	value
10.125312000000001	10.0	1	1.0
190.119936	10.0	1	1.0
