onset	duration	trial_type	value
12.189696	10.0	1	1.0
192.18432	10.0	1	1.0
