onset	duration	trial_type	value
17.69472	10.0	1	1.0
197.689344	10.0	1	1.0
