onset	duration	trial_type	value
14.548992	10.0	1	1.0
194.54361600000001	10.0	1	1.0
