onset	duration	trial_type	value
207.814656	10.0	1	1.0
27.820032	10.0	1	1.0
