onset	duration	trial_type	value
16.023552	10.0	1	1.0
196.018176	10.0	1	1.0
