onset	duration	trial_type	value
17.006592	10.0	1	1.0
197.001216	10.0	1	1.0
