onset	duration	trial_type	value
202.801152	10.0	1	1.0
22.806528	10.0	1	1.0
