onset	duration	trial_type	value
204.47232	10.0	1	1.0
24.477696	10.0	1	1.0
