onset	duration	trial_type	value
186.974208	10.0	1	1.0
6.979584	10.0	1	1.0
