onset	duration	trial_type	value
258.146304	10.0	1	1.0
78.053376	10.0	1	1.0
