onset	duration	trial_type	value
201.228288	10.0	1	1.0
21.135360000000002	10.0	1	1.0
