onset	duration	trial_type	value
266.993664	10.0	1	1.0
86.99904000000001	10.0	1	1.0
