onset	duration	trial_type	value
207.028224	10.0	1	1.0
26.935296	10.0	1	1.0
