onset	duration	trial_type	value
187.858944	10.0	1	1.0
7.86432	10.0	1	1.0
