onset	duration	trial_type	value
10.81344	10.0	1	1.0
190.808064	10.0	1	1.0
