onset	duration	trial_type	value
202.50624	10.0	1	1.0
22.511616	10.0	1	1.0
