onset	duration	trial_type	value
16.023551	10.0	1	1.0
196.018175	10.0	1	1.0
