onset	duration	trial_type	value
14.450688	10.0	1	1.0
194.445312	10.0	1	1.0
