onset	duration	trial_type	value
15.630336	10.0	1	1.0
195.62496000000002	10.0	1	1.0
