onset	duration	trial_type	value
189.136896	10.0	1	1.0
9.043968	10.0	1	1.0
