onset	duration	trial_type	value
15.826944000000001	10.0	1	1.0
195.821568	10.0	1	1.0
