onset	duration	trial_type	value
15.335424	10.0	1	1.0
195.330048	10.0	1	1.0
