onset	duration	trial_type	value
245.366784	10.0	1	1.0
65.37216000000001	10.0	1	1.0
