onset	duration	trial_type	value
13.76256	10.0	1	1.0
193.757184	10.0	1	1.0
