onset	duration	trial_type	value
217.153536	10.0	1	1.0
37.158912	10.0	1	1.0
