onset	duration	trial_type	value
19.955712000000002	10.0	1	1.0
199.950336	10.0	1	1.0
