onset	duration	trial_type	value
19.562496	10.0	1	1.0
199.55712	10.0	1	1.0
