onset	duration	trial_type	value
217.939968	10.0	1	1.0
37.945344	10.0	1	1.0
