onset	duration	trial_type	value
16.71168	10.0	1	1.0
196.70630400000002	10.0	1	1.0
