onset	duration	trial_type	value
203.98080000000002	10.0	1	1.0
23.986176	10.0	1	1.0
