onset	duration	trial_type	value
19.660800000000002	10.0	1	1.0
199.655424	10.0	1	1.0
