onset	duration	trial_type	value
20.64384	10	2	1
32.538624	10	3	1
49.741824	10	3	1
65.37216	10	2	1
81.788928	10	2	1
96.141312	10	2	1
107.64288	10	3	1
122.781696	10	3	1
139.984896	10	2	1
157.089792	10	2	1
168.886272	10	2	1
187.662336	10	3	1
203.390976	10	3	1
218.038272	10	2	1
238.977024	10	3	1
255.09888	10	3	1
270.82752	10	2	1
282.329088	10	3	1
299.728896	10	2	1
312.803328	10	2	1
333.152256	10	2	1
348.585984	10	3	1
362.348544	10	3	1
378.273792	10	3	1
391.938048	10	3	1
412.483584	10	2	1
424.18176	10	2	1
440.795136	10	2	1
460.259328	10	3	1
475.29984	10	3	1
