onset	duration	trial_type	value
187.465728	10.0	1	1.0
7.471104	10.0	1	1.0
