onset	duration	trial_type	value
185.79456000000002	10.0	1	1.0
5.799936	10.0	1	1.0
