onset	duration	trial_type	value
202.99776	10.0	1	1.0
23.003136	10.0	1	1.0
