onset	duration	trial_type	value
185.499648	10.0	1	1.0
5.505024000000001	10.0	1	1.0
