onset	duration	trial_type	value
14.155776	10.0	1	1.0
194.15040000000002	10.0	1	1.0
