onset	duration	trial_type	value
11.894784	10.0	1	1.0
191.889408	10.0	1	1.0
