onset	duration	trial_type	value
185.008128	10.0	1	1.0
5.013504	10.0	1	1.0
