onset	duration	trial_type	value
186.482688	10.0	1	1.0
6.4880640000000005	10.0	1	1.0
