onset	duration	trial_type	value
13.467648	10.0	1	1.0
193.462272	10.0	1	1.0
