onset	duration	trial_type	value
15.23712	10.0	1	1.0
195.231744	10.0	1	1.0
