onset	duration	trial_type	value
15.72864	10.0	1	1.0
195.723264	10.0	1	1.0
