onset	duration	trial_type	value
207.224832	10.0	1	1.0
27.230208	10.0	1	1.0
