onset	duration	trial_type	value
17.793024	10.0	1	1.0
197.78764800000002	10.0	1	1.0
