onset	duration	trial_type	value
12.582912	10.0	1	1.0
192.577536	10.0	1	1.0
