onset	duration	trial_type	value
11.403264	10.0	1	1.0
191.397888	10.0	1	1.0
