onset	duration	trial_type	value
14.352384	10.0	1	1.0
194.34700800000002	10.0	1	1.0
