onset	duration	trial_type	value
11.993088	10.0	1	1.0
191.98771200000002	10.0	1	1.0
