onset	duration	trial_type	value
20.545536000000002	10.0	1	1.0
200.54016000000001	10.0	1	1.0
