onset	duration	trial_type	value
18.481152	10.0	1	1.0
198.475776	10.0	1	1.0
