onset	duration	trial_type	value
209.78073600000002	10.0	1	1.0
29.687808	10.0	1	1.0
