onset	duration	trial_type	value
215.580672	10.0	1	1.0
35.487744	10.0	1	1.0
