onset	duration	trial_type	value
185.892864	10.0	1	1.0
5.89824	10.0	1	1.0
