onset	duration	trial_type	value
205.25875200000002	10.0	1	1.0
25.264128	10.0	1	1.0
