onset	duration	trial_type	value
24.674304	10	2	1
36.470784	10	3	1
53.57568	10	3	1
69.206016	10	2	1
85.622784	10	2	1
99.975168	10	2	1
111.280128	10	3	1
126.418944	10	3	1
143.622144	10	2	1
160.72704	10	2	1
172.52352	10	2	1
191.20128	10	3	1
207.028224	10	3	1
221.478912	10	2	1
242.417664	10	3	1
258.53952	10	3	1
274.169856	10	2	1
285.671424	10	3	1
303.169536	10	2	1
316.145664	10	2	1
336.494592	10	2	1
351.830016	10	3	1
365.592576	10	3	1
381.517824	10	3	1
395.18208	10	3	1
415.629312	10	2	1
427.327488	10	2	1
443.940864	10	2	1
463.306752	10	3	1
478.347264	10	3	1
