onset	duration	trial_type	value
16.416768	10.0	1	1.0
196.411392	10.0	1	1.0
