onset	duration	trial_type	value
10.911744	10.0	1	1.0
190.90636800000001	10.0	1	1.0
