onset	duration	trial_type	value
12.386304	10.0	1	1.0
192.479232	10.0	1	1.0
