onset	duration	trial_type	value
188.54707200000001	10.0	1	1.0
8.552448	10.0	1	1.0
