onset	duration	trial_type	value
186.384384	10.0	1	1.0
6.38976	10.0	1	1.0
