onset	duration	trial_type	value
189.72672	10.0	1	1.0
9.633792	10.0	1	1.0
