onset	duration	trial_type	value
188.448768	10.0	1	1.0
8.454144	10.0	1	1.0
