onset	duration	trial_type	value
13.959168	10.0	1	1.0
193.953792	10.0	1	1.0
