onset	duration	trial_type	value
218.13657600000002	10.0	1	1.0
38.141952	10.0	1	1.0
