onset	duration	trial_type	value
20.348928	10.0	1	1.0
200.34355200000002	10.0	1	1.0
