onset	duration	trial_type	value
17.989632	10.0	1	1.0
197.98425600000002	10.0	1	1.0
