onset	duration	trial_type	value
11.108352	10.0	1	1.0
191.102976	10.0	1	1.0
