onset	duration	trial_type	value
186.28608	10.0	1	1.0
6.291456	10.0	1	1.0
