onset	duration	trial_type	value
17.596416	10.0	1	1.0
197.59104	10.0	1	1.0
