onset	duration	trial_type	value
16.121856	10.0	1	1.0
196.11648	10.0	1	1.0
