onset	duration	trial_type	value
12.77952	10.0	1	1.0
192.774144	10.0	1	1.0
