onset	duration	trial_type	value
18.874368	10.0	1	1.0
198.868992	10.0	1	1.0
