onset	duration	trial_type	value
18.776064	10.0	1	1.0
198.770688	10.0	1	1.0
