onset	duration	trial_type	value
203.096064	10.0	1	1.0
23.10144	10.0	1	1.0
