onset	duration	trial_type	value
188.35046400000002	10.0	1	1.0
8.35584	10.0	1	1.0
