onset	duration	trial_type	value
187.957248	10.0	1	1.0
7.962624	10.0	1	1.0
