onset	duration	trial_type	value
205.651968	10.0	1	1.0
25.657344000000002	10.0	1	1.0
