onset	duration	trial_type	value
202.50624	10.0	1	1.0
22.413312	10.0	1	1.0
