onset	duration	trial_type	value
186.089472	10.0	1	1.0
6.094848	10.0	1	1.0
