onset	duration	trial_type	value
216.367104	10.0	1	1.0
36.37248	10.0	1	1.0
