onset	duration	trial_type	value
205.848576	10.0	1	1.0
25.853952	10.0	1	1.0
