onset	duration	trial_type	value
16.908288	10.0	1	1.0
196.90291200000001	10.0	1	1.0
