onset	duration	trial_type	value
20.938752	10.0	1	1.0
200.933376	10.0	1	1.0
