onset	duration	trial_type	value
20.054016	10.0	1	1.0
200.04864	10.0	1	1.0
