onset	duration	trial_type	value
15.040512	10.0	1	1.0
195.035136	10.0	1	1.0
