onset	duration	trial_type	value
188.841984	10.0	1	1.0
8.84736	10.0	1	1.0
