onset	duration	trial_type	value
12.681216000000001	10.0	1	1.0
192.67584	10.0	1	1.0
