onset	duration	trial_type	value
206.831616	10.0	1	1.0
26.836992000000002	10.0	1	1.0
