onset	duration	trial_type	value
205.553664	10.0	1	1.0
25.55904	10.0	1	1.0
