onset	duration	trial_type	value
13.172736	10.0	1	1.0
193.16736	10.0	1	1.0
