onset	duration	trial_type	value
201.42489600000002	10.0	1	1.0
21.430272000000002	10.0	1	1.0
