onset	duration	trial_type	value
18.284544	10.0	1	1.0
198.279168	10.0	1	1.0
