onset	duration	trial_type	value
20.742144	10	2	1
32.538624	10	3	1
49.741824	10	3	1
65.37216	10	2	1
81.788928	10	2	1
96.239616	10	2	1
107.64288	10	3	1
122.781696	10	3	1
139.984896	10	2	1
157.089792	10	2	1
168.886272	10	2	1
187.662336	10	3	1
203.48928	10	3	1
218.038272	10	2	1
238.977024	10	3	1
255.09888	10	3	1
270.82752	10	2	1
282.329088	10	3	1
299.8272	10	2	1
312.901632	10	2	1
333.152256	10	2	1
348.585984	10	3	1
362.446848	10	3	1
378.372096	10	3	1
392.036352	10	3	1
412.581888	10	2	1
424.280064	10	2	1
440.89344	10	2	1
460.259328	10	3	1
475.398144	10	3	1
