onset	duration	trial_type	value
13.664256	10.0	1	1.0
193.65888	10.0	1	1.0
