onset	duration	trial_type	value
186.679296	10.0	1	1.0
6.684672	10.0	1	1.0
