onset	duration	trial_type	value
17.104896	10.0	1	1.0
197.09952	10.0	1	1.0
