onset	duration	trial_type	value
11.79648	10.0	1	1.0
191.79110400000002	10.0	1	1.0
