onset	duration	trial_type	value
201.818112	10.0	1	1.0
21.823488	10.0	1	1.0
