onset	duration	trial_type	value
18.67776	10.0	1	1.0
198.672384	10.0	1	1.0
