onset	duration	trial_type	value
17.399808	10.0	1	1.0
197.394432	10.0	1	1.0
