onset	duration	trial_type	value
11.30496	10.0	1	1.0
191.299584	10.0	1	1.0
