onset	duration	trial_type	value
208.89600000000002	10.0	1	1.0
28.901376	10.0	1	1.0
