onset	duration	trial_type	value
10.616832	10.0	1	1.0
190.611456	10.0	1	1.0
