onset	duration	trial_type	value
14.647296	10.0	1	1.0
194.64192	10.0	1	1.0
