onset	duration	trial_type	value
188.645376	10.0	1	1.0
8.650752	10.0	1	1.0
