onset	duration	trial_type	value
212.14003200000002	10.0	1	1.0
32.145408	10.0	1	1.0
