onset	duration	trial_type	value
208.601088	10.0	1	1.0
28.606464	10.0	1	1.0
