onset	duration	trial_type	value
13.271040000000001	10.0	1	1.0
193.26566400000002	10.0	1	1.0
