onset	duration	trial_type	value
12.484608	10.0	1	1.0
192.479232	10.0	1	1.0
