onset	duration	trial_type	value
11.010048000000001	10.0	1	1.0
191.004672	10.0	1	1.0
