onset	duration	trial_type	value
210.763776	10.0	1	1.0
30.769152000000002	10.0	1	1.0
