onset	duration	trial_type	value
202.70284800000002	10.0	1	1.0
22.708224	10.0	1	1.0
