onset	duration	trial_type	value
188.940288	10.0	1	1.0
8.945664	10.0	1	1.0
