onset	duration	trial_type	value
187.662336	10.0	1	1.0
7.667712	10.0	1	1.0
