onset	duration	trial_type	value
189.530112	10.0	1	1.0
9.535488	10.0	1	1.0
