onset	duration	trial_type	value
189.136896	10.0	1	1.0
9.142272	10.0	1	1.0
