onset	duration	trial_type	value
10.715136000000001	10.0	1	1.0
190.70976000000002	10.0	1	1.0
