onset	duration	trial_type	value
187.26912000000002	10.0	1	1.0
7.274496	10.0	1	1.0
