onset	duration	trial_type	value
189.825024	10.0	1	1.0
9.830400000000001	10.0	1	1.0
