onset	duration	trial_type	value
12.091392	10.0	1	1.0
192.086016	10.0	1	1.0
