onset	duration	trial_type	value
186.580992	10.0	1	1.0
6.586368	10.0	1	1.0
