onset	duration	trial_type	value
13.172736	10.0	1	1.0
193.26566400000002	10.0	1	1.0
