onset	duration	trial_type	value
187.76064	10.0	1	1.0
7.7660160000000005	10.0	1	1.0
