onset	duration	trial_type	value
12.877824	10.0	1	1.0
192.872448	10.0	1	1.0
