onset	duration	trial_type	value
11.501568	10.0	1	1.0
191.496192	10.0	1	1.0
