onset	duration	trial_type	value
188.74368	10.0	1	1.0
8.650752	10.0	1	1.0
