onset	duration	trial_type	value
185.008128	10.0	1	1.0
4.9152000000000005	10.0	1	1.0
