onset	duration	trial_type	value
185.401344	10.0	1	1.0
5.40672	10.0	1	1.0
