onset	duration	trial_type	value
189.333504	10.0	1	1.0
9.33888	10.0	1	1.0
