onset	duration	trial_type	value
17.989632	10.0	1	1.0
198.08256	10.0	1	1.0
