onset	duration	trial_type	value
15.925248	10.0	1	1.0
195.919872	10.0	1	1.0
