onset	duration	trial_type	value
190.021632	10.0	1	1.0
9.928704	10.0	1	1.0
