onset	duration	trial_type	value
188.25216	10.0	1	1.0
8.159232	10.0	1	1.0
