onset	duration	trial_type	value
202.01472	10.0	1	1.0
22.020096000000002	10.0	1	1.0
