onset	duration	trial_type	value
231.309312	10.0	1	1.0
51.314688000000004	10.0	1	1.0
