onset	duration	trial_type	value
214.69593600000002	10.0	1	1.0
34.701312	10.0	1	1.0
