onset	duration	trial_type	value
17.498112	10.0	1	1.0
197.492736	10.0	1	1.0
