onset	duration	trial_type	value
216.76032	10.0	1	1.0
36.765696	10.0	1	1.0
