onset	duration	trial_type	value
208.502784	10.0	1	1.0
28.409856	10.0	1	1.0
