onset	duration	trial_type	value
185.597952	10.0	1	1.0
5.603328	10.0	1	1.0
