onset	duration	trial_type	value
187.564032	10.0	1	1.0
7.569408	10.0	1	1.0
